id,name,price,currency,type,size,collection,image,page,description,name_ar,description_ar,description_title,description_title_ar,tagline,tagline_ar,fragrance_family,character
ayla,Ayla,375,QAR,Perfume,100 ml,Women,assets/products-square/ayla.webp,products/ayla/,"A feminine Oriental floral fragrance that blends the radiant warmth of vanilla and ginger with the delicate elegance of orange blossom and jasmine. A warm base of patchouli and sandalwood adds depth and a captivating, magnetic presence.",أيلا,عطر أنثوي شرقي زهري يجمع بين إشراقة الفانيلا والزنجبيل ونعومة زهر البرتقال والياسمين، مع قاعدة دافئة من الباتشولي وخشب الصندل تمنحه عمقاً وحضوراً مغناطيسياً.,"Bold Femininity, An Unforgettable Presence.",أنوثة جريئة بحضور لا يُنسى.,,,Floral · Oriental · Woody · Spicy,Bold · Feminine · Sensual · Warm · Magnetic
vanilla-elixir,Vanilla Elixir,375,QAR,Perfume,100 ml,Women,assets/products-square/vanilla-elixir.webp,products/vanilla-elixir/,"The fragrance opens with a bright and spicy touch of bergamot and pink pepper, revealing a rich, creamy vanilla heart delicately blended with soft floral notes.

In the base, amber, tonka bean, sandalwood, and musk come together to create warmth, softness, and depth, leaving a sensual and lingering trail on the skin.",فانيلا إكسير,"يفتتح العطر بإشراقة منعشة وحارة من البرغموت والفلفل الوردي، ثم يكشف عن قلب غني وكريمي من الفانيلا ممزوج برقة مع نفحات زهرية ناعمة.

في القاعدة، يجتمع العنبر وحبوب التونكا وخشب الصندل والمسك ليمنح العطر دفئاً ونعومة وعمقاً، مع أثر حسي يدوم على البشرة.",A luxurious and elegant interpretation of vanilla.,تفسير فاخر وأنيق للفانيلا.,,,Oriental · Vanilla · Amber · Woody,Sweet · Warm · Creamy · Feminine · Luxurious
oud-rose,Oud Rose,375,QAR,Perfume,100 ml,Women,assets/products-square/oud-rose.webp,products/oud-rose/,"A luxurious Oriental fragrance with an authentic Gulf character — warm, elegant, and captivating. Oud Rose evokes the enchanting feeling of being freshly perfumed with the finest oud and incense.

The richness of precious oud blends beautifully with the softness of rose, creating a sophisticated Oriental harmony. Warm and distinctive, it leaves an elegant and captivating trail that lingers beautifully on the skin.",عود روز,"عطر شرقي فاخر بطابع خليجي أصيل، دافئ وأنيق وآسر، يمنح إحساساً بالتعطر بأجود أنواع العود والبخور.

يمتزج غنى العود الثمين مع نعومة الورد بتناغم شرقي راقٍ، ليمنح حضوراً مميزاً ودافئاً ويترك أثراً أنيقاً وجذاباً يدوم على البشرة.",,,Oud Rose — The timeless luxury of oud wrapped in the delicate beauty of Oriental rose.,عود روز — فخامة العود الخالدة بلمسة رقيقة من الورد الشرقي.,Oriental · Oud · Floral,Warm · Luxurious · Elegant · Oriental · Captivating
portofino,Portofino,375,QAR,Perfume,100 ml,Men,assets/products-square/portofino.webp,products/portofino/,"A fresh and vibrant fragrance that combines sparkling citrus notes with clean, aquatic accords and a smooth woody base, creating a perfectly balanced scent with a refined and lasting presence.",بورتوفينو,عطر منعش وحيوي يمزج بين الحمضيات المتألقة والنفحات المائية النظيفة مع قاعدة خشبية ناعمة، ليمنح رائحة متوازنة بحضور أنيق يدوم.,"Citrus Freshness with a Modern, Elegant Edge.",انتعاش حمضي بلمسة أنيقة وعصرية.,,,Citrus · Aquatic · Woody,Fresh · Clean · Bright · Elegant · Modern
patchouli,Patchouli,375,QAR,Perfume,100 ml,Unisex,assets/products-square/patchouli.webp,products/patchouli/,"A rich and elegant fragrance centered around the deep, earthy character of patchouli, beautifully blended with warm and woody accords. The result is a sophisticated composition with a strong personality and an unforgettable presence.",باتشولي,عطر غني وأنيق يتمحور حول الطابع الترابي العميق للباتشولي، ممزوجاً بتناغم مع نفحات دافئة وخشبية. تركيبة متطورة تتميز بشخصية قوية وحضور لا يُنسى.,"The Depth of Patchouli with a Luxurious, Mysterious Touch.",عمق الباتشولي بلمسة فاخرة وغامضة.,,,Woody · Earthy · Oriental,Deep · Warm · Mysterious · Elegant · Luxurious
ajwan,Ajwan,375,QAR,Perfume,100 ml,Unisex,assets/products-square/ajwan.webp,products/ajwan/,"A warm and sweet fragrance blending the smooth richness of tonka bean with creamy and woody accords, creating an elegant and comforting composition with a sensual and captivating character.",أجوان,عطر دافئ وحلو يجمع بين نعومة وغنى حبوب التونكا ولمسات كريمية وخشبية، ليمنح تركيبة أنيقة ومريحة بطابع حسي وجذاب.,"The Warmth of Tonka with a Soft, Luxurious Touch.",دفء التونكا بلمسة ناعمة وفاخرة.,,,Oriental · Tonka · Sweet · Woody,Warm · Creamy · Sweet · Soft · Luxurious
lenden,London,375,QAR,Perfume,100 ml,Unisex,assets/products-square/lenden.webp,products/lenden/,"A warm Oriental fragrance that blends sweet, spicy, and woody accords into a rich and smooth composition. Its deep and alluring character creates a luxurious presence with a long-lasting trail.",لندن,عطر شرقي دافئ يجمع بين النفحات الحلوة والتوابل والأخشاب في تركيبة غنية وناعمة. يتميز بطابع عميق وجذاب يمنح حضوراً فاخراً وأثراً يدوم.,Rich Oriental Warmth with a Captivating Presence.,دفء شرقي غني بحضور ساحر.,,,Oriental · Sweet · Spicy · Woody,Warm · Rich · Sweet · Alluring · Luxurious
casa-blanca,Casa Blanca,375,QAR,Perfume,100 ml,Unisex,assets/products-square/casa-blanca.webp,products/casa-blanca/,"A rich amber fragrance blending warm amber with soft, sweet accords that add depth and elegance to the composition. Its warm and luxurious character leaves a refined, sensual, and distinctive trail on the skin.",كازا بلانكا,عطر عنبري غني يجمع بين دفء العنبر ولمسات ناعمة وحلوة تضيف عمقاً وأناقة إلى التركيبة. بطابعه الدافئ والفاخر، يترك أثراً راقياً وحسياً ومميزاً على البشرة.,The Warmth of Amber with a Luxurious Touch.,دفء العنبر بلمسة فاخرة وراقية.,,,Amber · Sweet · Warm · Oriental,Luxurious · Warm · Soft · Sensual · Elegant
amicare,Amilcare,375,QAR,Perfume,100 ml,Men,assets/products-square/amicare.webp,products/amicare/,"A bold and sophisticated fragrance that blends rich Oriental oud with warm, spicy and woody accords, creating a powerful composition with a luxurious and captivating trail.",أميلكاري,عطر جريء وأنيق يجمع بين عود شرقي غني والنفحات الدافئة والتوابل والأخشاب، ليمنح تركيبة قوية ذات أثر فاخر وجذاب.,"Luxury, Power & an Unforgettable Presence.",فخامة وقوة وحضور لا يُنسى.,,,Oriental · Oud · Woody · Spicy,Bold · Warm · Powerful · Luxurious · Seductive
sigma,Sigma,375,QAR,Perfume,100 ml,Women,assets/products-square/sigma.webp,products/sigma/,"A feminine Oriental floral fragrance that blends a bright, refreshing opening with delicate florals at the heart and the warmth of woods and amber in the base.

A beautifully balanced composition that reveals a mysterious and alluring character, leaving a soft, sensual trail and an unforgettable presence.",سيغما,"عطر أنثوي شرقي زهري يمزج بين افتتاحية مشرقة ومنعشة وقلب من الزهور الرقيقة، مع دفء الأخشاب والعنبر في القاعدة.

تركيبة متوازنة تكشف عن شخصية غامضة وجذابة، وتترك أثراً ناعماً وحسياً وحضوراً لا يُنسى.","A Mysterious, Elegant & Irresistible Presence.",حضور غامض، أنيق ولا يُقاوم.,,,Oriental · Floral · Warm,
black-london,Black London,120,QAR,Luxury Home Spray,300 ml,Luxury Home Spray,assets/products-square/black-london.webp,products/black-london/,"Black London transforms everyday spaces with a sophisticated home-fragrance signature. Presented in a generous 300 ml format, it is designed to bring an elegant and distinctive atmosphere to your surroundings.",بلاك لندن,يمنح بلاك لندن مساحاتك اليومية توقيعاً عطرياً منزلياً راقياً. يأتي بحجم ٣٠٠ مل ليضفي أجواء أنيقة ومميزة على محيطك.,BLACK LONDON — A Sophisticated Home Signature,بلاك لندن — توقيع منزلي راقٍ,Elevate the atmosphere around you.,ارتقِ بأجواء مساحتك.,,
sweet-rose,Sweet Rose,120,QAR,Luxury Home Spray,300 ml,Luxury Home Spray,assets/products-square/sweet-rose.webp,products/sweet-rose/,"Sweet Rose brings an elegant, inviting character to your home. This 300 ml luxury home spray is created to refresh your surroundings and add a graceful Sultana signature to everyday spaces.",سويت روز,يمنح سويت روز منزلك طابعاً أنيقاً وجذاباً. معطر منزلي فاخر بحجم ٣٠٠ مل صُمم لإنعاش محيطك وإضافة توقيع سلطانة الراقي إلى مساحاتك اليومية.,SWEET ROSE — Grace for Your Space,سويت روز — أناقة لمساحتك,A graceful touch for everyday spaces.,لمسة أنيقة لمساحاتك اليومية.,,
velvet-night,Velvet Night,120,QAR,Luxury Home Spray,300 ml,Luxury Home Spray,assets/products-square/velvet-night.webp,products/velvet-night/,"Velvet Night creates a rich, elegant mood for your surroundings. In a 300 ml format, this luxury home spray is designed to give rooms a distinctive Sultana atmosphere with an evening-inspired character.",فيلفت نايت,يصنع فيلفت نايت أجواء غنية وأنيقة في محيطك. يأتي بحجم ٣٠٠ مل ليمنح الغرف طابع سلطانة المميز بإحساس مستوحى من أناقة المساء.,VELVET NIGHT — Elegance After Dark,فيلفت نايت — أناقة المساء,Set the mood with a distinctive home signature.,اصنع أجواءك بتوقيع منزلي مميز.,,
machmoun,Machmoun,120,QAR,Luxury Home Spray,300 ml,Luxury Home Spray,assets/new-products/machmoun.webp,products/machmoun/,"Machmoun is a 300 ml home spray composed with bergamot, lavender, machmoun, jasmine, amber and oud notes. A layered home fragrance designed to bring freshness, floral elegance and a warm finishing character to your space.",المشموم,المشموم معطر منزلي بحجم ٣٠٠ مل بنفحات البرغموت واللافندر والمشموم والياسمين والعنبر والعود. تركيبة متعددة الطبقات تمنح مساحتك انتعاشاً وأناقة زهرية ولمسة دافئة في الختام.,MACHMOUN — A Layered Home Fragrance,المشموم — عطر منزلي متعدد الطبقات,"Freshness, elegance and warmth for your space.",انتعاش وأناقة ودفء لمساحتك.,,
cotton-candy,Cotton Candy,120,QAR,Luxury Home Spray,300 ml,Luxury Home Spray,assets/new-products/cotton-candy.webp,products/cotton-candy/,"Cotton Candy is a 300 ml home spray with cotton, jasmine, caramel, vanilla, amber and sandalwood notes. Soft sweetness meets warm depth in a playful yet polished fragrance for your space.",كوتن كاندي,كوتن كاندي معطر منزلي بحجم ٣٠٠ مل بنفحات القطن والياسمين والكراميل والفانيلا والعنبر وخشب الصندل. حلاوة ناعمة تلتقي بعمق دافئ في عطر منزلي مرح وراقٍ.,COTTON CANDY — Soft Sweetness for Your Space,كوتن كاندي — حلاوة ناعمة لمساحتك,"one Small Spray, A deffrent feeling",رشة صغيرة، إحساس مختلف.,,
discovery-set,Discovery Set — Perfume Testers,,QAR,Gift Set,13 testers,Gift Sets,assets/campaigns/discovery-set.webp,products/discovery-set/,"Explore 13 Sultana scents in one elegant Discovery Set. Presented in a black and gold gift box, the perfume testers let you experience the collection and discover the signatures that suit you best.",مجموعة الاكتشاف — عينات العطور,اكتشف ١٣ رائحة من سلطانة في مجموعة اكتشاف أنيقة واحدة. تأتي عينات العطور في علبة هدايا باللونين الأسود والذهبي لتمنحك فرصة تجربة المجموعة واختيار التوقيع الأقرب إليك.,DISCOVERY SET — Find Your Sultana Signature,مجموعة الاكتشاف — اكتشف توقيعك من سلطانة,13 scents. One elegant discovery.,١٣ رائحة. تجربة اكتشاف واحدة أنيقة.,,
sultana-oud,Sultana Oud,,QAR,Signature Bakhoor,,Signature Collection,assets/new-products/sultana-oud-hd.webp,products/sultana-oud/,"Sultana Oud is part of the Signature Collection, presented in a distinctive black and gold jar. Created for an elevated home-fragrance ritual, it embodies the refined identity of Sultana.",سلطانة عود,سلطانة عود من المجموعة المميزة، ويأتي في عبوة أنيقة باللونين الأسود والذهبي. صُمم لطقوس تعطير منزلية راقية تجسد هوية سلطانة الفاخرة.,SULTANA OUD — A Signature Ritual,سلطانة عود — طقوس بتوقيع مميز,A refined expression from the Signature Collection.,تعبير راقٍ من المجموعة المميزة.,,
royal-bukhoor,Royal Bukhoor,,QAR,Signature Bakhoor,,Signature Collection,assets/new-products/royal-bukhoor-hd.webp,products/royal-bukhoor/,"Royal Bukhoor brings a regal presence to the Sultana Signature Collection. Presented in a black and gold jar, it is designed to make the home-fragrance ritual feel elegant, distinctive and special.",البخور الملكي,يمنح البخور الملكي المجموعة المميزة من سلطانة حضوراً فاخراً. يأتي في عبوة سوداء وذهبية، وصُمم ليجعل طقوس تعطير المنزل أكثر أناقة وتميزاً.,ROYAL BUKHOOR — A Regal Home Signature,البخور الملكي — توقيع منزلي فاخر,Make every fragrance ritual feel exceptional.,اجعل كل طقوس التعطير أكثر تميزاً.,,
amber-night,Amber Night,,QAR,Signature Bakhoor,,Signature Collection,assets/new-products/amber-night-hd.webp,products/amber-night/,"Amber Night is a refined addition to the Sultana Signature Collection, presented in a black and gold jar. Its identity is inspired by warmth, evening elegance and an elevated home-fragrance experience.",ليلة العنبر,ليلة العنبر إضافة راقية إلى المجموعة المميزة من سلطانة، في عبوة سوداء وذهبية. هويته مستوحاة من الدفء وأناقة المساء وتجربة تعطير منزلية فاخرة.,AMBER NIGHT — Evening Elegance,ليلة العنبر — أناقة المساء,Warm character for an elevated atmosphere.,طابع دافئ لأجواء أكثر فخامة.,,
oud-collection-set,Oud Collection Set,,QAR,Gift Set,,Gift Sets,assets/new-products/oud-collection-set.webp,products/oud-collection-set/,"The Oud Collection Set brings together three Sultana signatures in one elegant gift box: Royal Bukhoor, Amber Night and Sultana Oud. A refined presentation for gifting or elevating your own home-fragrance ritual.",طقم مجموعة العود,يجمع طقم مجموعة العود ثلاثة توقيعات من سلطانة في علبة هدايا أنيقة: البخور الملكي وليلة العنبر وسلطانة عود. تقديم راقٍ للهدايا أو للارتقاء بطقوس تعطير منزلك.,"OUD COLLECTION SET — Three Signatures, One Gift",طقم مجموعة العود — ثلاثة توقيعات في هدية واحدة,A gift of refined fragrance rituals.,هدية لطقوس عطرية راقية.,,
oud-amber,Oud Amber,275,QAR,Oud,,"Oud, Bakhoor & Loban",assets/new-products/oud-amber.webp,products/oud-amber/,"Oud Amber is part of Sultana's premium oud collection, created for those who appreciate a distinguished and luxurious home-fragrance ritual. A refined choice with a strong premium identity.",عود عنبر,عود عنبر من مجموعة سلطانة للعود الفاخر، صُمم لمن يقدرون طقوس التعطير المنزلية المميزة والفخمة. اختيار راقٍ بهوية فاخرة وواضحة.,OUD AMBER — Premium Oud Character,عود عنبر — طابع فاخر من العود,A distinguished choice from Sultana's premium oud collection.,اختيار مميز من مجموعة سلطانة للعود الفاخر.,,
oud-oudy,Oud Oudy,105,QAR,Oud,,"Oud, Bakhoor & Loban",assets/new-products/oud-oudy.webp,products/oud-oudy/,"Oud Oudy belongs to the Sultana premium oud collection, bringing a distinctive identity to your fragrance ritual. Designed for elegant presentation and a refined everyday experience.",عود عودي,عود عودي من مجموعة سلطانة للعود الفاخر، ويمنح طقوس التعطير هوية مميزة. صُمم بتقديم أنيق لتجربة يومية راقية.,OUD OUDY — A Distinctive Oud Signature,عود عودي — توقيع مميز من العود,Refined oud for an elegant ritual.,عود راقٍ لطقوس أنيقة.,,
oud-private,Oud Private,105,QAR,Oud,,"Oud, Bakhoor & Loban",assets/new-products/oud-private.webp,products/oud-private/,"Oud Private is a refined selection from the Sultana premium oud collection. Created for a personal, elevated fragrance ritual, it brings an exclusive character to your space.",عود برايفت,عود برايفت اختيار راقٍ من مجموعة سلطانة للعود الفاخر. صُمم لطقوس عطرية شخصية وفاخرة، ليمنح مساحتك طابعاً حصرياً ومميزاً.,OUD PRIVATE — An Exclusive Oud Ritual,عود برايفت — طقوس عود بطابع حصري,A private expression of refined oud.,تعبير خاص عن العود الراقي.,,
maamoul-doha,Maamoul Doha,150,QAR,Bakhoor,,"Oud, Bakhoor & Loban",assets/new-products/maamoul-doha.webp,products/maamoul-doha/,"Maamoul Doha is part of Sultana's premium bakhoor collection, created to bring a refined local character to the home-fragrance ritual. Elegant in identity and designed for memorable surroundings.",معمول الدوحة,معمول الدوحة من مجموعة سلطانة للبخور الفاخر، صُمم ليمنح طقوس تعطير المنزل طابعاً محلياً راقياً. بهوية أنيقة لأجواء تبقى في الذاكرة.,MAAMOUL DOHA — A Refined Local Signature,معمول الدوحة — توقيع محلي راقٍ,A premium bakhoor expression inspired by Doha.,تعبير فاخر من البخور مستوحى من الدوحة.,,
bakhour-hala-ghala,Bakhour Hala & Ghala,185,QAR,Bakhoor,,"Oud, Bakhoor & Loban",assets/new-products/bakhour-hala-ghala.webp,products/bakhour-hala-ghala/,Bakhour Hala & Ghala is a premium Sultana bakhoor created to enrich your home-fragrance ritual with an elegant and welcoming identity. A distinctive choice for everyday hospitality and special gatherings.,بخور هلا وغلا,بخور هلا وغلا من بخور سلطانة الفاخر، صُمم ليغني طقوس تعطير منزلك بهوية أنيقة ومرحبة. اختيار مميز للضيافة اليومية والمناسبات الخاصة.,BAKHOUR HALA & GHALA — A Welcoming Signature,بخور هلا وغلا — توقيع يرحب بضيوفك,Elegant fragrance for warm hospitality.,عطر أنيق لضيافة دافئة.,,
bakhour-al-sheikha,Bakhour Al Sheikha,185,QAR,Bakhoor,,"Oud, Bakhoor & Loban",assets/new-products/bakhour-al-sheikha.webp,products/bakhour-al-sheikha/,"Bakhour Al Sheikha is a premium Sultana bakhoor with a poised, luxurious identity. Created for elegant home-fragrance rituals, it adds a distinguished touch to everyday spaces and special occasions.",بخور الشيخة,بخور الشيخة من بخور سلطانة الفاخر بهوية متزنة وفخمة. صُمم لطقوس تعطير منزلية أنيقة، ويضيف لمسة مميزة للمساحات اليومية والمناسبات الخاصة.,BAKHOUR AL SHEIKHA — Poised Luxury,بخور الشيخة — فخامة متزنة,A distinguished touch for refined spaces.,لمسة مميزة للمساحات الراقية.,,
luban-with-oud,Luban With Oud,130,QAR,Loban,,"Oud, Bakhoor & Loban",assets/new-products/luban-with-oud.webp,products/luban-with-oud/,"Luban With Oud is part of Sultana's premium incense collection, bringing together the identity of luban and oud for a refined home-fragrance ritual. Designed to create a distinctive and elegant atmosphere.",لبان بالعود,لبان بالعود من مجموعة سلطانة للبخور الفاخر، ويجمع هوية اللبان والعود في طقوس تعطير منزلية راقية. صُمم ليصنع أجواء مميزة وأنيقة.,LUBAN WITH OUD — A Refined Incense Ritual,لبان بالعود — طقوس بخور راقية,A distinctive union of luban and oud.,تناغم مميز بين اللبان والعود.,,
bakhoor-burner,Bakhoor Burner,,QAR,Bakhoor Burner,,"Oud, Bakhoor & Loban",assets/new-products/bakhoor-burner-hd.webp,products/bakhoor-burner/,The Sultana Bakhoor Burner is designed to complete your home-fragrance ritual with an elegant presentation. A practical companion for enjoying bakhoor and creating a refined atmosphere in your space.,مبخرة,صُممت مبخرة سلطانة لتكمل طقوس تعطير منزلك بتقديم أنيق. رفيق عملي للاستمتاع بالبخور وصنع أجواء راقية في مساحتك.,BAKHOOR BURNER — Complete the Ritual,مبخرة — أكمل طقوس التعطير,An elegant companion for your bakhoor ritual.,رفيق أنيق لطقوس البخور.,,
lafiesta,Lafista,375,QAR,Perfume,100 ml,Men,assets/products-square/lafista.webp,products/lafiesta/,"A rich and elegant fragrance that blends warm Oriental accords with soft, refined notes, creating a beautifully balanced composition with a sophisticated and captivating presence.",لافيستا,عطر غني وأنيق يجمع بين النفحات الشرقية الدافئة ولمسات ناعمة وراقية، ليمنح حضوراً متوازناً وجذاباً مع أثر يدوم.,Oriental Elegance with a Modern Touch.,أناقة شرقية بلمسة عصرية.,,,Oriental · Floral · Woody · Amber,Warm · Elegant · Alluring · Luxurious · Mysterious
one-kiss,One Kiss,375,QAR,Perfume,100 ml,Women,assets/products-square/one-kiss.webp,products/one-kiss/,"One Kiss is an expressive feminine fragrance created for moments that deserve to be remembered. Elegant, confident and distinctive, it brings a polished Sultana signature to your personal style.",ون كيس,ون كيس عطر أنثوي معبر صُمم للحظات التي تستحق أن تبقى في الذاكرة. أنيق وواثق ومميز، ويضيف توقيع سلطانة الراقي إلى أسلوبك الشخصي.,ONE KISS — Made to Be Remembered,ون كيس — صُمم ليبقى في الذاكرة,One signature. One unforgettable impression.,توقيع واحد. انطباع لا يُنسى.,,
tobacco,Tobacco,375,QAR,Perfume,100 ml,Unisex,assets/products-square/tobacco.webp,products/tobacco/,"A rich and warm fragrance blending deep tobacco notes with smooth, sweet vanilla, enhanced by Oriental and woody accords for an elegant, captivating, and long-lasting trail.",توباكو,عطر دافئ وغني يجمع بين نفحات التبغ العميقة وحلاوة الفانيلا الناعمة، مع لمسات شرقية وخشبية تمنحه طابعاً أنيقاً وجذاباً وأثراً يدوم.,The Warmth of Tobacco with a Luxurious Touch of Vanilla.,دفء التبغ بلمسة فاخرة من الفانيلا.,,,Oriental · Tobacco · Vanilla · Woody,Warm · Sweet · Rich · Elegant · Luxurious
